id,LoanStatus
7553,1
7554,0
7555,0
7556,0
7557,1
7558,0
7559,0
7560,0
7561,0
7562,1
7563,0
7564,0
7565,1
7566,1
7567,1
7568,0
7569,0
7570,1
7571,0
7572,0
7573,0
7574,1
7575,0
7576,1
7577,0
7578,1
7579,1
7580,0
7581,0
7582,0
7583,1
7584,1
7585,1
7586,0
7587,0
7588,1
7589,0
7590,1
7591,0
7592,1
7593,1
7594,1
7595,0
7596,0
7597,0
7598,0
7599,1
7600,0
7601,0
7602,0
7603,1
7604,0
7605,0
7606,0
7607,0
7608,0
7609,0
7610,0
7611,0
7612,0
7613,1
7614,0
7615,0
7616,0
7617,0
7618,0
7619,1
7620,1
7621,1
7622,0
7623,0
7624,1
7625,0
7626,1
7627,0
7628,0
7629,1
7630,1
7631,0
7632,1
7633,0
7634,0
7635,0
7636,0
7637,1
7638,1
7639,1
7640,1
7641,1
7642,1
7643,0
7644,1
7645,0
7646,0
7647,0
7648,0
7649,0
7650,1
7651,0
7652,0
7653,0
7654,0
7655,1
7656,0
7657,0
7658,0
7659,1
7660,0
7661,0
7662,1
7663,0
7664,1
7665,1
7666,0
7667,1
7668,0
7669,1
7670,0
7671,1
7672,0
7673,1
7674,1
7675,0
7676,0
7677,1
7678,1
7679,1
7680,0
7681,0
7682,1
7683,0
7684,1
7685,1
7686,1
7687,0
7688,0
7689,0
7690,0
7691,0
7692,0
7693,0
7694,1
7695,0
7696,0
7697,1
7698,0
7699,1
7700,0
7701,1
7702,0
7703,0
7704,1
7705,1
7706,0
7707,0
7708,1
7709,1
7710,0
7711,1
7712,0
7713,0
7714,1
7715,1
7716,0
7717,0
7718,1
7719,0
7720,0
7721,0
7722,0
7723,0
7724,1
7725,0
7726,0
7727,0
7728,1
7729,0
7730,1
7731,1
7732,1
7733,0
7734,0
7735,1
7736,1
7737,1
7738,0
7739,1
7740,0
7741,0
7742,0
7743,0
7744,1
7745,0
7746,0
7747,0
7748,0
7749,0
7750,0
7751,0
7752,1
7753,1
7754,0
7755,1
7756,1
7757,0
7758,0
7759,0
7760,1
7761,0
7762,0
7763,0
7764,0
7765,1
7766,0
7767,0
7768,1
7769,0
7770,0
7771,0
7772,1
7773,0
7774,0
7775,0
7776,0
7777,1
7778,0
7779,0
7780,1
7781,0
7782,0
7783,0
7784,1
7785,1
7786,1
7787,0
7788,0
7789,0
7790,1
7791,1
7792,0
7793,0
7794,0
7795,1
7796,0
7797,0
7798,0
7799,1
7800,0
7801,0
7802,1
7803,0
7804,0
7805,0
7806,0
7807,0
7808,0
7809,1
7810,1
7811,0
7812,0
7813,0
7814,0
7815,1
7816,0
7817,0
7818,1
7819,1
7820,0
7821,0
7822,1
7823,1
7824,0
7825,1
7826,1
7827,0
7828,0
7829,0
7830,0
7831,0
7832,0
7833,1
7834,0
7835,1
7836,0
7837,1
7838,0
7839,1
7840,1
7841,0
7842,0
7843,1
7844,1
7845,1
7846,0
7847,1
7848,1
7849,0
7850,1
7851,0
7852,0
7853,0
7854,1
7855,0
7856,0
7857,0
7858,0
7859,0
7860,0
7861,1
7862,0
7863,1
7864,0
7865,0
7866,0
7867,1
7868,1
7869,0
7870,0
7871,0
7872,0
7873,1
7874,0
7875,0
7876,0
7877,0
7878,1
7879,1
7880,1
7881,1
7882,1
7883,1
7884,0
7885,0
7886,0
7887,1
7888,0
7889,0
7890,0
7891,0
7892,0
7893,0
7894,1
7895,1
7896,1
7897,1
7898,0
7899,0
7900,1
7901,1
7902,0
7903,0
7904,1
7905,1
7906,0
7907,1
7908,1
7909,0
7910,0
7911,1
7912,0
7913,0
7914,0
7915,1
7916,1
7917,0
7918,0
7919,0
7920,0
7921,0
7922,0
7923,0
7924,1
7925,0
7926,0
7927,1
7928,1
7929,0
7930,0
7931,1
7932,0
7933,1
7934,0
7935,0
7936,0
7937,0
7938,1
7939,0
7940,0
7941,1
7942,0
7943,0
7944,1
7945,1
7946,0
7947,0
7948,0
7949,0
7950,1
7951,0
7952,0
7953,0
7954,1
7955,1
7956,1
7957,0
7958,0
7959,1
7960,1
7961,1
7962,1
7963,0
7964,1
7965,1
7966,0
7967,0
7968,0
7969,1
7970,1
7971,1
7972,0
7973,1
7974,0
7975,1
7976,0
7977,0
7978,0
7979,0
7980,1
7981,1
7982,1
7983,1
7984,0
7985,1
7986,1
7987,0
7988,1
7989,0
7990,1
7991,1
7992,0
7993,0
7994,0
7995,1
7996,0
7997,0
7998,0
7999,0
8000,0
8001,0
8002,0
8003,0
8004,0
8005,1
8006,1
8007,0
8008,1
8009,0
8010,1
8011,1
8012,0
8013,0
8014,0
8015,1
8016,0
8017,0
8018,0
8019,0
8020,1
8021,1
8022,1
8023,1
8024,0
8025,0
8026,0
8027,0
8028,1
8029,0
8030,1
8031,1
8032,1
8033,0
8034,0
8035,0
8036,0
8037,1
8038,1
8039,0
8040,1
8041,1
8042,0
8043,1
8044,1
8045,0
8046,1
8047,0
8048,1
8049,1
8050,0
8051,1
8052,0
8053,0
8054,0
8055,0
8056,1
8057,0
8058,1
8059,1
8060,0
8061,0
8062,1
8063,0
8064,1
8065,0
8066,0
8067,1
8068,0
8069,0
8070,1
8071,1
8072,1
8073,1
8074,0
8075,0
8076,1
8077,1
8078,0
8079,1
8080,1
8081,0
8082,0
8083,0
8084,1
8085,1
8086,1
8087,1
8088,0
8089,0
8090,0
8091,1
8092,0
8093,0
8094,1
8095,0
8096,1
8097,1
8098,1
8099,0
8100,0
8101,1
8102,0
8103,0
8104,1
8105,0
8106,0
8107,1
8108,1
8109,0
8110,0
8111,0
8112,1
8113,0
8114,0
8115,0
8116,0
8117,0
8118,0
8119,1
8120,1
8121,1
8122,0
8123,0
8124,1
8125,1
8126,0
8127,0
8128,1
8129,0
8130,1
8131,1
8132,0
8133,1
8134,1
8135,0
8136,0
8137,1
8138,1
8139,1
8140,0
8141,1
8142,1
8143,0
8144,0
8145,0
8146,0
8147,0
8148,1
8149,1
8150,0
8151,1
8152,0
8153,1
8154,1
8155,1
8156,0
8157,1
8158,0
8159,1
8160,0
8161,0
8162,0
8163,0
8164,1
8165,1
8166,0
8167,0
8168,1
8169,1
8170,1
8171,1
8172,1
8173,0
8174,0
8175,1
8176,0
8177,1
8178,0
8179,0
8180,1
8181,1
8182,1
8183,0
8184,0
8185,1
8186,0
8187,1
8188,1
8189,0
8190,0
8191,0
8192,0
8193,0
8194,0
8195,0
8196,1
8197,0
8198,0
8199,0
8200,0
8201,0
8202,1
8203,0
8204,1
8205,1
8206,1
8207,0
8208,0
8209,1
8210,1
8211,1
8212,0
8213,0
8214,1
8215,0
8216,0
8217,1
8218,0
8219,0
8220,1
8221,0
8222,0
8223,0
8224,0
8225,1
8226,0
8227,0
8228,0
8229,0
8230,1
8231,1
8232,1
8233,0
8234,1
8235,1
8236,0
8237,1
8238,1
8239,0
8240,0
8241,0
8242,0
8243,1
8244,1
8245,1
8246,0
8247,0
8248,0
8249,0
8250,0
8251,1
8252,1
8253,1
8254,1
8255,0
8256,0
8257,1
8258,1
8259,0
8260,0
8261,0
8262,1
8263,1
8264,1
8265,0
8266,0
8267,1
8268,1
8269,0
8270,1
8271,1
8272,0
8273,0
8274,1
8275,0
8276,0
8277,0
8278,0
8279,1
8280,0
8281,0
8282,1
8283,1
8284,0
8285,1
8286,1
8287,0
8288,0
8289,0
8290,1
8291,1
8292,0
8293,0
8294,0
8295,0
8296,0
8297,1
8298,0
8299,1
8300,0
8301,0
8302,1
8303,0
8304,1
8305,0
8306,0
8307,0
8308,1
8309,0
8310,0
8311,0
8312,0
8313,0
8314,0
8315,0
8316,0
8317,1
8318,1
8319,1
8320,1
8321,1
8322,0
8323,1
8324,0
8325,0
8326,0
8327,0
8328,1
8329,0
8330,0
8331,1
8332,0
8333,1
8334,0
8335,1
8336,1
8337,0
8338,0
8339,1
8340,0
8341,0
8342,0
8343,0
8344,1
8345,0
8346,0
8347,0
8348,0
8349,0
8350,1
8351,0
8352,0
8353,1
8354,0
8355,0
8356,0
8357,1
8358,1
8359,1
8360,1
8361,1
8362,1
8363,0
8364,1
8365,0
8366,1
8367,0
8368,1
8369,1
8370,1
8371,0
8372,0
8373,1
8374,1
8375,0
8376,1
8377,0
8378,0
8379,0
8380,1
8381,1
8382,1
8383,1
8384,1
8385,1
8386,0
8387,0
8388,1
8389,1
8390,1
8391,1
8392,1
8393,0
8394,1
8395,0
8396,0
8397,0
8398,0
8399,0
8400,0
8401,1
8402,1
8403,0
8404,1
8405,0
8406,1
8407,1
8408,1
8409,1
8410,0
8411,0
8412,0
8413,1
8414,1
8415,0
8416,0
8417,0
8418,0
8419,1
8420,0
8421,1
8422,1
8423,1
8424,1
8425,0
8426,0
8427,0
8428,0
8429,1
8430,1
8431,1
8432,0
8433,0
8434,0
8435,0
8436,0
8437,1
8438,1
8439,0
8440,0
8441,0
8442,1
8443,1
8444,0
8445,1
8446,0
8447,1
8448,1
8449,0
8450,0
8451,0
8452,1
8453,1
8454,1
8455,0
8456,1
8457,0
8458,1
8459,0
8460,1
8461,0
8462,0
8463,1
8464,1
8465,0
8466,1
8467,0
8468,0
8469,1
8470,0
8471,1
8472,0
8473,1
8474,0
8475,0
8476,0
8477,0
8478,0
8479,0
8480,1
8481,1
8482,1
8483,1
8484,1
8485,0
8486,1
8487,0
8488,0
8489,1
8490,0
8491,1
8492,0
8493,0
8494,1
8495,0
8496,0
8497,0
8498,0
8499,0
8500,1
8501,1
8502,0
8503,0
8504,0
8505,1
8506,0
8507,0
8508,0
8509,0
8510,1
8511,0
8512,0
8513,1
8514,0
8515,0
8516,0
8517,0
8518,1
8519,0
8520,0
8521,0
8522,1
8523,1
8524,1
8525,0
8526,0
8527,0
8528,0
8529,0
8530,1
8531,1
8532,1
8533,1
8534,0
8535,0
8536,0
8537,1
8538,1
8539,0
8540,0
8541,1
8542,0
8543,1
8544,1
8545,1
8546,0
8547,1
8548,1
8549,0
8550,0
8551,0
8552,0
8553,0
8554,0
8555,0
8556,0
8557,0
8558,0
8559,1
8560,0
8561,0
8562,0
8563,1
8564,1
8565,0
8566,1
8567,0
8568,0
8569,0
8570,0
8571,0
8572,0
8573,1
8574,0
8575,0
8576,0
8577,0
8578,0
8579,1
8580,1
8581,1
8582,0
8583,1
8584,0
8585,0
8586,0
8587,1
8588,1
8589,1
8590,1
8591,1
8592,0
8593,0
8594,0
8595,1
8596,1
8597,1
8598,1
8599,0
8600,1
8601,0
8602,1
8603,0
8604,0
8605,0
8606,1
8607,0
8608,0
8609,1
8610,1
8611,0
8612,0
8613,0
8614,0
8615,0
8616,0
8617,1
8618,0
8619,0
8620,0
8621,1
8622,0
8623,1
8624,0
8625,0
8626,0
8627,1
8628,0
8629,0
8630,0
8631,1
8632,1
8633,0
8634,0
8635,1
8636,1
8637,1
8638,1
8639,0
8640,1
8641,0
8642,0
8643,0
8644,1
8645,0
8646,1
8647,0
8648,1
8649,1
8650,0
8651,0
8652,1
8653,1
8654,1
8655,1
8656,1
8657,1
8658,0
8659,1
8660,1
8661,1
8662,1
8663,1
8664,1
8665,1
8666,0
8667,0
8668,1
8669,0
8670,0
8671,0
8672,0
8673,0
8674,0
8675,0
8676,0
8677,1
8678,1
8679,1
8680,0
8681,0
8682,0
8683,1
8684,1
8685,0
8686,1
8687,0
8688,0
8689,0
8690,0
8691,0
8692,1
8693,1
8694,1
8695,0
8696,0
8697,0
8698,1
8699,1
8700,1
8701,1
8702,0
8703,0
8704,0
8705,0
8706,0
8707,1
8708,1
8709,1
8710,0
8711,0
8712,1
8713,0
8714,0
8715,0
8716,1
8717,1
8718,1
8719,0
8720,0
8721,0
8722,0
8723,1
8724,0
8725,0
8726,0
8727,0
8728,1
8729,1
8730,0
8731,1
8732,0
8733,0
8734,0
8735,0
8736,0
8737,0
8738,0
8739,0
8740,0
8741,0
8742,0
8743,0
8744,0
8745,0
8746,1
8747,0
8748,0
8749,0
8750,0
8751,0
8752,0
8753,1
8754,1
8755,0
8756,1
8757,0
8758,0
8759,0
8760,0
8761,1
8762,0
8763,1
8764,0
8765,1
8766,1
8767,1
8768,0
8769,0
8770,0
8771,0
8772,0
8773,0
8774,0
8775,0
8776,0
8777,1
8778,1
8779,1
8780,0
8781,1
8782,0
8783,0
8784,1
8785,1
8786,0
8787,0
8788,0
8789,0
8790,1
8791,0
8792,0
8793,1
8794,1
8795,0
8796,0
8797,0
8798,1
8799,0
8800,1
8801,1
8802,0
8803,0
8804,1
8805,0
8806,1
8807,0
8808,1
8809,0
8810,0
8811,1
8812,0
8813,1
8814,0
8815,0
8816,0
8817,0
8818,0
8819,1
8820,1
8821,0
8822,1
8823,0
8824,0
8825,0
8826,1
8827,1
8828,0
8829,0
8830,0
8831,1
8832,0
8833,0
8834,0
8835,0
8836,0
8837,1
8838,0
8839,1
8840,0
8841,0
8842,1
8843,0
8844,1
8845,1
8846,0
8847,0
8848,1
8849,1
8850,0
8851,1
8852,0
8853,0
8854,0
8855,0
8856,1
8857,1
8858,0
8859,0
8860,1
8861,0
8862,1
8863,1
8864,0
8865,1
8866,0
8867,0
8868,0
8869,0
8870,0
8871,0
8872,1
8873,1
8874,0
8875,0
8876,1
8877,0
8878,1
8879,0
8880,1
8881,1
8882,0
8883,0
8884,0
8885,0
8886,0
8887,0
8888,0
8889,0
8890,1
8891,1
8892,0
8893,1
8894,1
8895,0
8896,0
8897,1
8898,0
8899,0
8900,0
8901,0
8902,0
8903,1
8904,0
8905,1
8906,0
8907,1
8908,1
8909,1
8910,0
8911,0
8912,0
8913,1
8914,0
8915,0
8916,0
8917,1
8918,1
8919,1
8920,0
8921,1
8922,0
8923,1
8924,1
8925,1
8926,1
8927,1
8928,0
8929,1
8930,0
8931,0
8932,0
8933,1
8934,1
8935,0
8936,0
8937,1
8938,1
8939,1
8940,0
8941,0
8942,0
8943,1
8944,0
8945,1
8946,1
8947,0
8948,1
8949,0
8950,0
8951,0
8952,1
8953,1
8954,0
8955,0
8956,1
8957,1
8958,1
8959,0
8960,1
8961,0
8962,0
8963,0
8964,0
8965,1
8966,0
8967,0
8968,1
8969,1
8970,0
8971,1
8972,0
8973,0
8974,1
8975,0
8976,0
8977,1
8978,0
8979,0
8980,0
8981,0
8982,1
8983,0
8984,0
8985,1
8986,0
8987,0
8988,0
8989,0
8990,0
8991,0
8992,1
8993,1
8994,0
8995,0
8996,0
8997,0
8998,0
8999,0
9000,0
9001,0
9002,0
9003,1
9004,0
9005,0
9006,0
9007,1
9008,0
9009,0
9010,0
9011,0
9012,0
9013,0
9014,1
9015,1
9016,0
9017,1
9018,0
9019,1
9020,0
9021,1
9022,0
9023,1
9024,0
9025,1
9026,1
9027,0
9028,0
9029,1
9030,1
9031,0
9032,0
9033,0
9034,0
9035,1
9036,0
9037,1
9038,0
9039,1
9040,1
9041,0
9042,1
9043,1
9044,0
9045,1
9046,0
9047,1
9048,1
9049,1
9050,0
9051,0
9052,0
9053,0
9054,0
9055,0
9056,0
9057,1
9058,0
9059,0
9060,0
9061,0
9062,0
9063,1
9064,1
9065,0
9066,1
9067,1
9068,1
9069,0
9070,0
9071,0
9072,0
9073,0
9074,1
9075,0
9076,0
9077,0
9078,1
9079,0
9080,1
9081,0
9082,1
9083,0
9084,0
9085,0
9086,1
9087,1
9088,0
9089,0
9090,1
9091,1
9092,1
9093,0
9094,0
9095,1
9096,0
9097,0
9098,0
9099,1
9100,1
9101,0
9102,1
9103,0
9104,0
9105,0
9106,0
9107,0
9108,0
9109,0
9110,0
9111,0
9112,0
9113,0
9114,1
9115,0
9116,0
9117,0
9118,0
9119,0
9120,0
9121,0
9122,1
9123,1
9124,0
9125,1
9126,1
9127,1
9128,0
9129,0
9130,0
9131,0
9132,0
9133,0
9134,0
9135,1
9136,0
9137,0
9138,0
9139,1
9140,1
9141,1
9142,0
9143,0
9144,1
9145,0
9146,0
9147,0
9148,0
9149,1
9150,0
9151,0
9152,0
9153,0
9154,0
9155,0
9156,1
9157,0
9158,0
9159,0
9160,0
9161,0
9162,0
9163,0
9164,1
9165,0
9166,0
9167,1
9168,0
9169,0
9170,1
9171,1
9172,0
9173,0
9174,1
9175,0
9176,0
9177,1
9178,0
9179,1
9180,1
9181,0
9182,1
9183,1
9184,0
9185,0
9186,0
9187,0
9188,0
9189,1
9190,1
9191,1
9192,1
9193,0
9194,1
9195,1
9196,0
9197,1
9198,1
9199,1
9200,0
9201,0
9202,0
9203,1
9204,0
9205,1
9206,0
9207,1
9208,1
9209,0
9210,1
9211,0
9212,0
9213,0
9214,0
9215,1
9216,1
9217,0
9218,1
9219,0
9220,0
9221,0
9222,0
9223,0
9224,1
9225,1
9226,1
9227,0
9228,0
9229,0
9230,0
9231,0
9232,0
9233,0
9234,0
9235,1
9236,0
9237,1
9238,1
9239,1
9240,0
9241,1
9242,1
9243,0
9244,1
9245,1
9246,0
9247,0
9248,0
9249,0
9250,0
9251,1
9252,1
9253,0
9254,1
9255,1
9256,1
9257,1
9258,0
9259,0
9260,1
9261,1
9262,0
9263,1
9264,1
9265,0
9266,1
9267,0
9268,0
9269,0
9270,0
9271,0
9272,1
9273,1
9274,1
9275,0
9276,0
9277,1
9278,1
9279,1
9280,0
9281,1
9282,0
9283,1
9284,0
9285,0
9286,0
9287,0
9288,1
9289,0
9290,1
9291,1
9292,0
9293,0
9294,0
9295,0
9296,0
9297,0
9298,0
9299,0
9300,0
9301,0
9302,1
9303,1
9304,1
9305,1
9306,0
9307,1
9308,1
9309,0
9310,1
9311,1
9312,1
9313,1
9314,1
9315,0
9316,1
9317,1
9318,1
9319,0
9320,1
9321,0
9322,0
9323,0
9324,0
9325,0
9326,0
9327,1
9328,1
9329,1
9330,1
9331,0
9332,0
9333,1
9334,1
9335,0
9336,0
9337,0
9338,0
9339,0
9340,1
9341,0
9342,0
9343,1
9344,0
9345,1
9346,1
9347,0
9348,0
9349,0
9350,0
9351,0
9352,0
9353,0
9354,0
9355,1
9356,1
9357,0
9358,0
9359,0
9360,1
9361,1
9362,0
9363,0
9364,0
9365,0
9366,1
9367,1
9368,0
9369,0
9370,1
9371,0
9372,0
9373,1
9374,1
9375,1
9376,0
9377,1
9378,1
9379,0
9380,0
9381,1
9382,0
9383,1
9384,0
9385,1
9386,1
9387,0
9388,0
9389,0
9390,0
9391,1
9392,0
9393,0
9394,1
9395,0
9396,0
9397,1
9398,1
9399,0
9400,0
9401,0
9402,0
9403,1
9404,0
9405,0
9406,1
9407,1
9408,0
9409,0
9410,0
9411,0
9412,0
9413,1
9414,1
9415,1
9416,0
9417,0
9418,0
9419,0
9420,1
9421,0
9422,0
9423,1
9424,1
9425,1
9426,1
9427,0
9428,0
9429,0
9430,0
9431,0
9432,1
9433,0
9434,0
9435,0
9436,1
9437,1
9438,0
9439,0
9440,0
9441,0
9442,0
9443,1
9444,0
9445,0
9446,0
9447,0
9448,0
9449,1
9450,0
9451,1
9452,1
9453,1
9454,1
9455,0
9456,1
9457,0
9458,1
9459,0
9460,0
9461,1
9462,1
9463,0
9464,0
9465,1
9466,1
9467,0
9468,0
9469,1
9470,0
9471,0
9472,0
9473,1
9474,0
9475,0
9476,0
9477,0
9478,1
9479,0
9480,0
9481,0
9482,1
9483,0
9484,0
9485,0
9486,1
9487,0
9488,0
9489,0
9490,0
9491,0
9492,1
9493,0
9494,0
9495,0
9496,1
9497,0
9498,0
9499,1
9500,0
9501,1
9502,0
9503,1
9504,0
9505,1
9506,1
9507,0
9508,0
9509,0
9510,0
9511,1
9512,0
9513,0
9514,1
9515,0
9516,1
9517,0
9518,1
9519,1
9520,1
9521,0
9522,0
9523,0
9524,0
9525,1
9526,0
9527,0
9528,1
9529,0
9530,0
9531,1
9532,0
9533,0
9534,0
9535,0
9536,0
9537,1
9538,0
9539,1
9540,0
9541,0
9542,1
9543,0
9544,0
9545,0
9546,0
9547,1
9548,0
9549,0
9550,1
9551,0
9552,0
9553,0
9554,0
9555,0
9556,1
9557,1
9558,0
9559,0
9560,0
9561,0
9562,0
9563,1
9564,0
9565,0
9566,0
9567,1
9568,1
9569,1
9570,0
9571,1
9572,0
9573,1
9574,1
9575,0
9576,1
9577,1
9578,0
9579,0
9580,0
9581,1
9582,0
9583,0
9584,0
9585,1
9586,0
9587,1
9588,0
9589,1
9590,0
9591,0
9592,1
9593,1
9594,0
9595,0
9596,0
9597,1
9598,0
9599,0
9600,1
9601,0
9602,0
9603,0
9604,0
9605,0
9606,0
9607,1
9608,0
9609,1
9610,0
9611,0
9612,0
9613,1
9614,1
9615,0
9616,1
9617,1
9618,0
9619,0
9620,0
9621,1
9622,0
9623,0
9624,0
9625,0
9626,0
9627,1
9628,1
9629,1
9630,0
9631,1
9632,1
9633,0
9634,1
9635,0
9636,1
9637,0
9638,1
9639,0
9640,0
9641,0
9642,0
9643,1
9644,0
9645,0
9646,0
9647,1
9648,0
9649,0
9650,1
9651,0
9652,0
9653,0
9654,0
9655,0
9656,1
9657,0
9658,1
9659,1
9660,0
9661,0
9662,0
9663,1
9664,0
9665,1
9666,1
9667,1
9668,1
9669,1
9670,0
9671,0
9672,0
9673,0
9674,0
9675,0
9676,0
9677,0
9678,0
9679,1
9680,0
9681,0
9682,1
9683,0
9684,1
9685,0
9686,1
9687,0
9688,0
9689,0
9690,1
9691,0
9692,0
9693,0
9694,0
9695,1
9696,1
9697,1
9698,0
9699,1
9700,1
9701,0
9702,0
9703,0
9704,1
9705,1
9706,0
9707,1
9708,0
9709,1
9710,1
9711,0
9712,1
9713,1
9714,1
9715,1
9716,0
9717,0
9718,0
9719,1
9720,1
9721,0
9722,1
9723,0
9724,0
9725,0
9726,1
9727,0
9728,0
9729,1
9730,1
9731,1
9732,0
9733,0
9734,0
9735,1
9736,1
9737,1
9738,0
9739,1
9740,0
9741,1
9742,1
9743,1
9744,0
9745,1
9746,0
9747,0
9748,1
9749,0
9750,0
9751,0
9752,1
9753,0
9754,1
9755,1
9756,0
9757,0
9758,1
9759,1
9760,1
9761,1
9762,0
9763,0
9764,1
9765,0
9766,1
9767,0
9768,0
9769,0
9770,0
9771,0
9772,0
9773,0
9774,0
9775,0
9776,0
9777,1
9778,0
9779,1
9780,1
9781,1
9782,1
9783,0
9784,1
9785,0
9786,1
9787,0
9788,1
9789,1
9790,0
9791,1
9792,0
9793,1
9794,0
9795,0
9796,0
9797,1
9798,1
9799,0
9800,0
9801,0
9802,1
9803,1
9804,0
9805,1
9806,0
9807,1
9808,0
9809,0
9810,0
9811,0
9812,0
9813,0
9814,0
9815,0
9816,0
9817,1
9818,0
9819,0
9820,0
9821,0
9822,0
9823,1
9824,0
9825,0
9826,0
9827,0
9828,0
9829,0
9830,1
9831,1
9832,1
9833,0
9834,0
9835,0
9836,0
9837,0
9838,1
9839,0
9840,1
9841,0
9842,0
9843,0
9844,0
9845,0
9846,0
9847,0
9848,1
9849,1
9850,0
9851,1
9852,1
9853,0
9854,1
9855,1
9856,0
9857,1
9858,0
9859,0
9860,1
9861,1
9862,0
9863,0
9864,1
9865,0
9866,0
9867,0
9868,0
9869,0
9870,1
9871,0
9872,0
9873,1
9874,1
9875,0
9876,1
9877,0
9878,0
9879,1
9880,0
9881,1
9882,1
9883,1
9884,0
9885,0
9886,0
9887,0
9888,0
9889,1
9890,1
9891,0
9892,1
9893,0
9894,1
9895,0
9896,0
9897,0
9898,0
9899,0
9900,1
9901,0
9902,0
9903,1
9904,0
9905,0
9906,0
9907,1
9908,1
9909,0
9910,1
9911,0
9912,0
9913,1
9914,1
9915,0
9916,1
9917,0
9918,1
9919,0
9920,0
9921,0
9922,0
9923,0
9924,0
9925,1
9926,1
9927,1
9928,0
9929,1
9930,0
9931,0
9932,0
9933,0
9934,0
9935,0
9936,1
9937,0
9938,0
9939,1
9940,0
9941,1
9942,0
9943,1
9944,1
9945,0
9946,1
9947,0
9948,1
9949,1
9950,0
9951,1
9952,0
9953,0
9954,0
9955,0
9956,1
9957,0
9958,1
9959,0
9960,0
9961,1
9962,0
9963,0
9964,1
9965,0
9966,0
9967,1
9968,0
9969,0
9970,1
9971,0
9972,0
9973,1
9974,0
9975,0
9976,1
9977,1
9978,0
9979,0
9980,0
9981,0
9982,0
9983,1
9984,1
9985,0
9986,0
9987,0
9988,0
9989,0
9990,1
9991,0
9992,1
9993,0
9994,0
9995,1
9996,0
9997,0
9998,0
9999,1
10000,1
10001,0
10002,1
10003,0
10004,1
10005,1
10006,1
10007,1
10008,1
10009,0
10010,1
10011,1
10012,0
10013,0
10014,1
10015,0
10016,0
10017,0
10018,1
10019,1
10020,0
10021,0
10022,1
10023,0
10024,1
10025,0
10026,0
10027,0
10028,1
10029,0
10030,0
10031,0
10032,0
10033,1
10034,1
10035,0
10036,1
10037,0
10038,1
10039,0
10040,0
10041,1
10042,0
10043,0
10044,0
10045,1
10046,0
10047,1
10048,0
10049,1
10050,0
10051,1
10052,0
10053,0
10054,0
10055,0
10056,0
10057,1
10058,1
10059,0
10060,0
10061,0
10062,0
10063,0
10064,0
10065,0
10066,1
10067,0
10068,0
10069,0
10070,1
10071,0
10072,0
10073,0
10074,0
10075,1
10076,1
10077,0
10078,1
10079,1
10080,0
10081,1
10082,0
10083,0
10084,0
10085,1
10086,0
10087,1
10088,0
10089,0
10090,1
10091,1
10092,0
10093,0
10094,0
10095,0
10096,1
10097,0
10098,1
10099,0
10100,0
10101,0
10102,0
10103,1
10104,0
10105,1
10106,1
10107,1
10108,0
10109,0
10110,0
10111,0
10112,1
10113,0
10114,0
10115,1
10116,1
10117,0
10118,1
10119,0
10120,1
10121,0
10122,0
10123,1
10124,0
10125,0
10126,0
10127,1
10128,1
10129,1
10130,1
10131,1
10132,1
10133,0
10134,1
10135,0
10136,0
10137,0
10138,1
10139,0
10140,1
10141,0
10142,1
10143,1
10144,1
10145,0
10146,1
10147,0
10148,1
10149,1
10150,1
10151,0
10152,0
10153,1
10154,1
10155,1
10156,1
10157,1
10158,0
10159,0
10160,0
10161,1
10162,0
10163,0
10164,0
10165,0
10166,0
10167,1
10168,0
10169,0
10170,0
10171,0
10172,0
10173,0
10174,0
10175,0
10176,1
10177,0
10178,0
10179,1
10180,1
10181,0
10182,0
10183,0
10184,0
10185,1
10186,1
10187,1
10188,1
10189,0
10190,1
10191,0
10192,0
10193,1
10194,0
10195,1
10196,1
10197,1
10198,0
10199,0
10200,0
10201,1
10202,0
10203,0
10204,0
10205,0
10206,1
10207,0
10208,1
10209,0
10210,0
10211,1
10212,1
10213,0
10214,1
10215,0
10216,0
10217,0
10218,0
10219,1
10220,0
10221,0
10222,0
10223,0
10224,0
10225,0
10226,1
10227,0
10228,0
10229,0
10230,1
10231,0
10232,0
10233,0
10234,0
10235,1
10236,0
10237,1
10238,0
10239,1
10240,0
10241,0
10242,0
10243,0
10244,1
10245,1
10246,1
10247,1
10248,1
10249,0
10250,1
10251,0
10252,0
10253,0
10254,0
10255,0
10256,0
10257,0
10258,0
10259,0
10260,1
10261,0
10262,1
10263,0
10264,1
10265,0
10266,0
10267,0
10268,1
10269,1
10270,1
10271,0
10272,0
10273,1
10274,1
10275,1
10276,1
10277,0
10278,0
10279,0
10280,0
10281,0
10282,0
10283,0
10284,0
10285,0
10286,1
10287,0
10288,0
10289,1
10290,0
10291,0
10292,0
10293,0
10294,1
10295,1
10296,0
10297,0
10298,1
10299,0
10300,0
10301,0
10302,0
10303,0
10304,1
10305,0
10306,1
10307,1
10308,1
10309,1
10310,1
10311,0
10312,0
10313,0
10314,1
10315,0
10316,0
10317,1
10318,1
10319,0
10320,1
10321,1
10322,1
10323,0
10324,1
10325,1
10326,0
10327,0
10328,1
10329,1
10330,1
10331,0
10332,0
10333,0
10334,1
10335,1
10336,0
10337,0
10338,0
10339,0
10340,0
10341,1
10342,0
10343,1
10344,0
10345,1
10346,0
10347,1
10348,0
10349,0
10350,1
10351,0
10352,0
10353,0
10354,0
10355,0
10356,0
10357,1
10358,0
10359,0
10360,1
10361,1
10362,0
10363,1
10364,0
10365,0
10366,0
10367,1
10368,1
10369,1
10370,0
10371,0
10372,1
10373,1
10374,1
10375,0
10376,1
10377,1
10378,0
10379,0
10380,0
10381,0
10382,0
10383,1
10384,1
10385,0
10386,1
10387,1
10388,0
10389,1
10390,0
10391,1
10392,1
10393,0
10394,1
10395,1
10396,0
10397,1
10398,0
10399,0
10400,0
10401,0
10402,0
10403,0
10404,0
10405,0
10406,0
10407,1
10408,0
10409,1
10410,1
10411,0
10412,1
10413,0
10414,1
10415,0
10416,1
10417,0
10418,0
10419,0
10420,0
10421,0
10422,0
10423,1
10424,0
10425,0
10426,1
10427,1
10428,0
10429,1
10430,0
10431,0
10432,0
10433,0
10434,0
10435,0
10436,1
10437,1
10438,1
10439,1
10440,1
10441,1
10442,0
10443,0
10444,1
10445,0
10446,1
10447,0
10448,1
10449,1
10450,1
10451,1
10452,1
10453,1
10454,0
10455,1
10456,0
10457,0
10458,0
10459,0
10460,0
10461,0
10462,0
10463,0
10464,0
10465,0
10466,0
10467,0
10468,1
10469,0
10470,1
10471,0
10472,0
10473,0
10474,0
10475,1
10476,0
10477,0
10478,0
10479,0
10480,0
10481,0
10482,0
10483,1
10484,0
10485,0
10486,1
10487,1
10488,0
10489,1
10490,0
10491,1
10492,1
10493,1
10494,1
10495,0
10496,1
10497,1
10498,0
10499,1
10500,0
10501,0
10502,0
10503,0
10504,0
10505,1
10506,0
10507,1
10508,1
10509,0
10510,0
10511,1
10512,1
10513,1
10514,0
10515,0
10516,1
10517,0
10518,1
10519,0
10520,1
10521,0
10522,0
10523,0
10524,1
10525,0
10526,1
10527,1
10528,0
10529,0
10530,0
10531,1
10532,0
10533,0
10534,1
10535,1
10536,0
10537,1
10538,0
10539,1
10540,0
10541,1
10542,0
10543,0
10544,1
10545,0
10546,1
10547,0
10548,0
10549,0
10550,0
10551,0
10552,1
10553,0
10554,0
10555,0
10556,0
10557,0
10558,0
10559,0
10560,1
10561,1
10562,1
10563,1
10564,0
10565,0
10566,0
10567,0
10568,0
10569,1
10570,1
10571,0
10572,0
10573,1
10574,1
10575,0
10576,1
10577,0
10578,0
10579,0
10580,0
10581,0
10582,0
10583,0
10584,0
10585,1
10586,0
10587,0
10588,1
10589,1
10590,1
10591,1
10592,1
10593,0
10594,0
10595,0
10596,1
10597,0
10598,0
10599,1
10600,0
10601,0
10602,1
10603,0
10604,1
10605,0
10606,0
10607,1
10608,1
10609,1
10610,0
10611,0
10612,1
10613,0
10614,0
10615,1
10616,0
10617,0
10618,0
10619,1
10620,1
10621,0
10622,1
10623,0
10624,0
10625,1
10626,1
10627,1
10628,0
10629,0
10630,0
10631,0
10632,1
10633,0
10634,0
10635,1
10636,1
10637,0
10638,0
10639,0
10640,1
10641,1
10642,0
10643,0
10644,1
10645,0
10646,0
10647,0
10648,0
10649,0
10650,0
10651,1
10652,1
10653,0
10654,1
10655,1
10656,0
10657,0
10658,0
10659,0
10660,0
10661,0
10662,1
10663,0
10664,0
10665,0
10666,0
10667,0
10668,0
10669,0
10670,0
10671,1
10672,0
10673,0
10674,0
10675,0
10676,0
10677,1
10678,0
10679,1
10680,1
10681,0
10682,1
10683,0
10684,0
10685,1
10686,0
10687,0
10688,1
10689,0
10690,0
10691,1
10692,0
10693,0
10694,1
10695,0
10696,0
10697,0
10698,1
10699,0
10700,1
10701,0
10702,0
10703,0
10704,0
10705,0
10706,1
10707,0
10708,0
10709,1
10710,1
10711,1
10712,1
10713,0
10714,0
10715,0
10716,1
10717,0
10718,1
10719,0
10720,0
10721,1
10722,0
10723,1
10724,1
10725,1
10726,0
10727,1
10728,0
10729,0
10730,0
10731,1
10732,0
10733,1
10734,0
10735,1
10736,0
10737,0
10738,0
10739,0
10740,0
10741,0
10742,1
10743,1
10744,1
10745,0
10746,0
10747,0
10748,1
10749,1
10750,0
10751,0
10752,0
10753,0
10754,1
10755,1
10756,0
10757,0
10758,1
10759,1
10760,0
10761,0
10762,0
10763,1
10764,0
10765,0
10766,1
10767,1
10768,1
10769,1
10770,0
10771,0
10772,0
10773,1
10774,0
10775,1
10776,0
10777,1
10778,0
10779,0
10780,0
10781,0
10782,0
10783,0
10784,0
10785,1
10786,0
10787,0
10788,0
10789,1
10790,0
10791,0
10792,0
10793,1
10794,0
10795,0
10796,0
10797,0
10798,1
10799,0
10800,0
10801,0
10802,0
10803,0
10804,0
10805,1
10806,0
10807,0
10808,0
10809,0
10810,0
10811,0
10812,0
10813,1
10814,0
10815,0
10816,0
10817,0
10818,1
10819,0
10820,1
10821,0
10822,0
10823,0
10824,0
10825,0
10826,0
10827,1
10828,0
10829,1
10830,1
10831,0
10832,0
10833,1
10834,0
10835,0
10836,1
10837,0
10838,1
10839,1
10840,0
10841,1
10842,0
10843,0
10844,1
10845,0
10846,0
10847,1
10848,0
10849,0
10850,0
10851,0
10852,1
10853,0
10854,1
10855,1
10856,0
10857,0
10858,0
10859,0
10860,1
10861,1
10862,0
10863,1
10864,1
10865,0
10866,0
10867,0
10868,0
10869,0
10870,1
10871,0
10872,0
10873,0
10874,0
10875,1
10876,0
10877,1
10878,0
10879,1
10880,0
10881,1
10882,0
10883,1
10884,0
10885,0
10886,0
10887,1
10888,1
10889,0
10890,0
10891,1
10892,0
10893,0
10894,1
10895,1
10896,1
10897,0
10898,1
10899,0
10900,1
10901,0
10902,0
10903,0
10904,0
10905,0
10906,0
10907,0
10908,0
10909,1
10910,0
10911,1
10912,0
10913,1
10914,0
10915,1
10916,0
10917,0
10918,0
10919,0
10920,1
10921,0
10922,0
10923,1
10924,0
10925,0
10926,1
10927,0
10928,1
10929,0
10930,1
10931,1
10932,0
10933,0
10934,0
10935,1
10936,1
10937,1
10938,0
10939,0
10940,0
10941,1
10942,0
10943,0
10944,1
10945,0
10946,0
10947,1
10948,1
10949,0
10950,1
10951,0
10952,0
10953,0
10954,1
10955,1
10956,0
10957,1
10958,1
10959,1
10960,0
10961,0
10962,1
10963,1
10964,0
10965,0
10966,0
10967,1
10968,1
10969,0
10970,0
10971,0
10972,1
10973,0
10974,0
10975,0
10976,1
10977,0
10978,1
10979,1
10980,0
10981,0
10982,1
10983,1
10984,1
10985,0
10986,1
10987,0
10988,0
10989,0
10990,0
10991,0
10992,0
10993,0
10994,0
10995,1
10996,0
10997,0
10998,0
10999,0
11000,1
11001,1
11002,0
11003,1
11004,0
11005,0
11006,0
11007,0
11008,0
11009,1
11010,0
11011,1
11012,1
11013,1
11014,0
11015,1
11016,1
11017,1
11018,1
11019,0
11020,0
11021,0
11022,0
11023,0
11024,0
11025,1
11026,1
11027,1
11028,0
11029,0
11030,0
11031,1
11032,0
11033,0
11034,1
11035,0
11036,0
11037,0
11038,0
11039,0
11040,1
11041,0
11042,0
11043,0
11044,0
11045,0
11046,0
11047,1
11048,0
11049,1
11050,0
11051,0
11052,0
11053,0
11054,0
11055,0
11056,0
11057,0
11058,0
11059,1
11060,1
11061,1
11062,1
11063,0
11064,0
11065,0
11066,0
11067,0
11068,0
11069,1
11070,1
11071,1
11072,1
11073,1
11074,0
11075,1
11076,1
11077,1
11078,0
11079,0
11080,0
11081,1
11082,1
11083,1
11084,1
11085,1
11086,0
11087,0
11088,0
11089,1
11090,0
11091,0
11092,0
11093,1
11094,0
11095,1
11096,0
11097,0
11098,1
11099,0
11100,0
11101,0
11102,0
11103,1
11104,1
11105,0
11106,1
11107,1
11108,0
11109,1
11110,0
11111,1
11112,1
11113,0
11114,1
11115,0
11116,0
11117,0
11118,0
11119,0
11120,0
11121,1
11122,1
11123,0
11124,1
11125,0
11126,0
11127,0
11128,1
11129,1
11130,0
11131,1
11132,0
11133,0
11134,1
11135,1
11136,0
11137,0
11138,0
11139,0
11140,0
11141,1
11142,1
11143,0
11144,0
11145,1
11146,1
11147,0
11148,0
11149,1
11150,1
11151,0
11152,0
11153,1
11154,0
11155,1
11156,0
11157,1
11158,0
11159,1
11160,0
11161,1
11162,1
11163,1
11164,0
11165,0
11166,1
11167,0
11168,0
11169,0
11170,0
11171,1
11172,0
11173,0
11174,0
11175,1
11176,0
11177,1
11178,0
11179,1
11180,0
11181,0
11182,0
11183,0
11184,0
11185,0
11186,1
11187,0
11188,0
11189,0
11190,0
11191,0
11192,1
11193,1
11194,1
11195,0
11196,1
11197,1
11198,0
11199,0
11200,0
11201,0
11202,1
11203,1
11204,1
11205,0
11206,0
11207,0
11208,0
11209,1
11210,0
11211,1
11212,0
11213,0
11214,0
11215,0
11216,0
11217,0
11218,1
11219,1
11220,0
11221,0
11222,0
11223,0
11224,1
11225,1
11226,0
11227,1
11228,0
11229,0
11230,0
11231,0
11232,0
11233,0
11234,0
11235,0
11236,0
11237,1
11238,0
11239,0
11240,0
11241,0
11242,1
11243,0
11244,0
11245,0
11246,0
11247,0
11248,1
11249,0
11250,0
11251,1
11252,0
11253,0
11254,0
11255,1
11256,0
11257,0
11258,1
11259,0
11260,1
11261,1
11262,1
11263,0
11264,1
11265,0
11266,0
11267,1
11268,0
11269,0
11270,1
11271,1
11272,1
11273,0
11274,0
11275,0
11276,0
11277,0
11278,1
11279,0
11280,0
11281,0
11282,1
11283,0
11284,1
11285,0
11286,0
11287,0
11288,0
11289,0
11290,1
11291,0
11292,0
11293,1
11294,1
11295,0
11296,1
11297,0
11298,0
11299,1
11300,0
11301,0
11302,0
11303,0
11304,1
11305,0
11306,0
11307,0
11308,0
11309,1
11310,0
11311,0
11312,0
11313,0
11314,0
11315,0
11316,1
11317,0
11318,0
11319,0
11320,0
11321,0
11322,0
11323,0
11324,0
11325,0
11326,0
11327,0
11328,0
11329,0
11330,0
11331,0
11332,0
11333,0
11334,0
11335,0
11336,0
11337,1
11338,1
11339,1
11340,0
11341,0
11342,0
11343,0
11344,1
11345,1
11346,0
11347,0
11348,1
11349,1
11350,0
11351,0
11352,0
11353,0
11354,1
11355,0
11356,0
11357,0
11358,0
11359,0
11360,0
11361,1
11362,0
11363,0
11364,0
11365,1
11366,0
11367,1
11368,1
11369,0
11370,1
11371,0
11372,0
11373,1
11374,0
11375,1
11376,1
11377,0
11378,0
11379,1
11380,1
11381,1
11382,1
11383,1
11384,0
11385,0
11386,0
11387,1
11388,1
11389,0
11390,1
11391,0
11392,1
11393,0
11394,0
11395,0
11396,0
11397,1
11398,1
11399,1
11400,0
11401,1
11402,1
11403,1
11404,0
11405,1
11406,0
11407,1
11408,0
11409,0
11410,0
11411,1
11412,0
11413,0
11414,0
11415,0
11416,0
11417,1
11418,0
11419,0
11420,0
11421,1
11422,1
11423,0
11424,1
11425,0
11426,0
11427,1
11428,0
11429,0
11430,0
11431,0
11432,0
11433,0
11434,0
11435,0
11436,0
11437,1
11438,1
11439,0
11440,1
11441,1
11442,0
11443,1
11444,0
11445,1
11446,0
11447,0
11448,1
11449,0
11450,1
11451,0
11452,1
11453,1
11454,1
11455,1
11456,0
11457,0
11458,0
11459,1
11460,1
11461,0
11462,1
11463,1
11464,0
11465,0
11466,0
11467,0
11468,0
11469,0
11470,1
11471,1
11472,0
11473,0
11474,1
11475,0
11476,1
11477,0
11478,1
11479,0
11480,0
11481,0
11482,1
11483,1
11484,1
11485,1
11486,1
11487,0
11488,0
11489,0
11490,0
11491,1
11492,0
11493,1
11494,0
11495,0
11496,1
11497,1
11498,0
11499,0
11500,1
11501,0
11502,1
11503,0
11504,0
11505,0
11506,1
11507,1
11508,1
11509,0
11510,0
11511,0
11512,1
11513,1
11514,0
11515,0
11516,1
11517,0
11518,1
11519,1
11520,0
11521,0
11522,0
11523,0
11524,1
11525,0
11526,0
11527,0
11528,0
11529,1
11530,0
11531,1
11532,0
11533,1
11534,1
11535,0
11536,0
11537,0
11538,0
11539,1
11540,1
11541,0
11542,1
11543,0
11544,1
11545,1
11546,0
11547,0
11548,0
11549,0
11550,0
11551,0
11552,0
11553,0
11554,1
11555,1
11556,0
11557,0
11558,1
11559,1
11560,0
11561,0
11562,1
11563,0
11564,0
11565,0
11566,0
11567,0
11568,0
11569,1
11570,1
11571,0
11572,1
11573,0
11574,0
11575,0
11576,1
11577,0
11578,0
11579,1
11580,0
11581,1
11582,0
11583,0
11584,0
11585,0
11586,1
11587,0
11588,0
11589,0
11590,0
11591,1
11592,1
11593,1
11594,0
11595,1
11596,0
11597,0
11598,1
11599,0
11600,1
11601,0
11602,0
11603,0
11604,0
11605,1
11606,1
11607,1
11608,1
11609,0
11610,1
11611,1
11612,0
11613,0
11614,0
11615,1
11616,1
11617,1
11618,1
11619,1
11620,0
11621,0
11622,1
11623,1
11624,0
11625,0
11626,0
11627,0
11628,0
11629,0
11630,1
11631,0
11632,0
11633,0
11634,1
11635,1
11636,0
11637,1
11638,0
11639,0
11640,0
11641,1
11642,0
11643,0
11644,0
11645,0
11646,0
11647,0
11648,0
11649,0
11650,1
11651,1
11652,1
11653,0
11654,0
11655,0
11656,0
11657,1
11658,0
11659,1
11660,0
11661,0
11662,0
11663,0
11664,1
11665,0
11666,0
11667,1
11668,0
11669,1
11670,0
11671,0
11672,0
11673,1
11674,0
11675,0
11676,0
11677,0
11678,1
11679,1
11680,0
11681,0
11682,1
11683,0
11684,0
11685,0
11686,1
11687,0
11688,1
11689,0
11690,1
11691,0
11692,1
11693,0
11694,1
11695,0
11696,0
11697,0
11698,1
11699,0
11700,1
11701,1
11702,1
11703,1
11704,0
11705,1
11706,0
11707,1
11708,1
11709,0
11710,1
11711,1
11712,1
11713,1
11714,1
11715,0
11716,1
11717,0
11718,0
11719,1
11720,0
11721,1
11722,0
11723,1
11724,1
11725,1
11726,1
11727,0
11728,1
11729,0
11730,1
11731,0
11732,0
11733,0
11734,1
11735,1
11736,0
11737,1
11738,0
11739,1
11740,0
11741,0
11742,0
11743,0
11744,0
11745,0
11746,1
11747,0
11748,0
11749,0
11750,1
11751,1
11752,1
11753,0
11754,0
11755,0
11756,0
11757,0
11758,1
11759,0
11760,0
11761,0
11762,0
11763,1
11764,0
11765,1
11766,1
11767,1
11768,0
11769,0
11770,0
11771,1
11772,1
11773,1
11774,1
11775,0
11776,0
11777,0
11778,0
11779,1
11780,0
11781,1
11782,0
11783,0
11784,0
11785,0
11786,1
11787,0
11788,0
11789,0
11790,0
11791,0
11792,0
11793,0
11794,0
11795,0
11796,0
11797,1
11798,0
11799,1
11800,1
11801,0
11802,0
11803,0
11804,1
11805,1
11806,1
11807,0
11808,1
11809,0
11810,0
11811,1
11812,1
11813,1
11814,0
11815,0
11816,1
11817,0
11818,0
11819,1
11820,0
11821,0
11822,1
11823,0
11824,0
11825,1
11826,0
11827,1
11828,0
11829,0
11830,0
11831,0
11832,0
11833,0
11834,1
11835,0
11836,0
11837,0
11838,1
11839,0
11840,1
11841,1
11842,0
11843,1
11844,1
11845,0
11846,0
11847,1
11848,0
11849,0
11850,0
11851,0
11852,1
11853,0
11854,1
11855,0
11856,0
11857,0
11858,0
11859,0
11860,0
11861,0
11862,1
11863,0
11864,0
11865,0
11866,0
11867,1
11868,0
11869,0
11870,0
11871,0
11872,0
11873,0
11874,1
11875,0
11876,1
11877,0
11878,1
11879,0
11880,0
11881,0
11882,0
11883,1
11884,0
11885,1
11886,0
11887,0
11888,0
11889,1
11890,0
11891,1
11892,0
11893,1
11894,0
11895,1
11896,1
11897,1
11898,0
11899,1
11900,1
11901,0
11902,0
11903,0
11904,0
11905,0
11906,0
11907,0
11908,0
11909,1
11910,1
11911,0
11912,1
11913,0
11914,0
11915,1
11916,1
11917,1
11918,1
11919,1
11920,1
11921,1
11922,0
11923,0
11924,0
11925,0
11926,0
11927,1
11928,0
11929,1
11930,0
11931,1
11932,0
11933,1
11934,0
11935,1
11936,0
11937,1
11938,0
11939,0
11940,0
11941,0
11942,0
11943,0
11944,0
11945,0
11946,0
11947,0
11948,0
11949,0
11950,1
11951,1
11952,0
11953,1
11954,1
11955,1
11956,0
11957,1
11958,0
11959,0
11960,0
11961,1
11962,0
11963,0
11964,1
11965,0
11966,0
11967,1
11968,1
11969,1
11970,0
11971,0
11972,1
11973,1
11974,0
11975,0
11976,0
11977,1
11978,0
11979,1
11980,1
11981,1
11982,0
11983,1
11984,0
11985,0
11986,0
11987,0
11988,0
11989,1
11990,1
11991,0
11992,1
11993,1
11994,1
11995,0
11996,0
11997,1
11998,1
11999,1
12000,1
12001,0
12002,1
12003,0
12004,0
12005,1
12006,0
12007,0
12008,1
12009,0
12010,0
12011,1
12012,0
12013,1
12014,1
12015,0
12016,0
12017,1
12018,1
12019,0
12020,0
12021,1
12022,1
12023,0
12024,0
12025,0
12026,0
12027,0
12028,1
12029,0
12030,1
12031,0
12032,1
12033,0
12034,0
12035,1
12036,0
12037,0
12038,0
12039,0
12040,0
12041,0
12042,1
12043,0
12044,1
12045,0
12046,0
12047,0
12048,0
12049,1
12050,1
12051,1
12052,0
12053,0
12054,0
12055,0
12056,1
12057,0
12058,0
12059,0
12060,1
12061,0
12062,0
12063,0
12064,1
12065,1
12066,0
12067,0
12068,1
12069,0
12070,0
12071,0
12072,0
12073,0
12074,0
12075,0
12076,0
12077,0
12078,1
12079,0
12080,0
12081,1
12082,1
12083,0
12084,0
12085,1
12086,1
12087,1
12088,0
12089,0
12090,0
12091,1
12092,1
12093,1
12094,1
12095,1
12096,1
12097,1
12098,1
12099,0
12100,1
12101,1
12102,0
12103,0
12104,0
12105,1
12106,1
12107,0
12108,0
12109,0
12110,0
12111,0
12112,0
12113,1
12114,0
12115,1
12116,0
12117,1
12118,0
12119,0
12120,1
12121,1
12122,1
12123,0
12124,1
12125,0
12126,0
12127,0
12128,0
12129,1
12130,0
12131,0
12132,1
12133,1
12134,0
12135,0
12136,0
12137,0
12138,1
12139,0
12140,1
12141,0
12142,1
12143,0
12144,0
12145,0
12146,0
12147,0
12148,0
12149,0
12150,0
12151,0
12152,1
12153,1
12154,0
12155,0
12156,0
12157,0
12158,0
12159,1
12160,0
12161,0
12162,0
12163,0
12164,0
12165,1
12166,0
12167,0
12168,0
12169,0
12170,0
12171,0
12172,1
12173,1
12174,0
12175,0
12176,1
12177,1
12178,0
12179,0
12180,1
12181,0
12182,0
12183,1
12184,0
12185,0
12186,0
12187,0
12188,0
12189,1
12190,1
12191,1
12192,0
12193,1
12194,1
12195,1
12196,0
12197,0
12198,1
12199,0
12200,1
12201,0
12202,0
12203,0
12204,1
12205,1
12206,0
12207,1
12208,0
12209,1
12210,1
12211,1
12212,1
12213,0
12214,0
12215,0
12216,0
12217,0
12218,0
12219,0
12220,0
12221,1
12222,0
12223,0
12224,0
12225,0
12226,0
12227,1
12228,0
12229,0
12230,1
12231,0
12232,0
12233,0
12234,0
12235,1
12236,0
12237,1
12238,0
12239,0
12240,0
12241,0
12242,0
12243,0
12244,0
12245,1
12246,0
12247,1
12248,0
12249,0
12250,1
12251,1
12252,0
12253,0
12254,1
12255,0
12256,0
12257,1
12258,1
12259,0
12260,1
12261,0
12262,0
12263,0
12264,1
12265,0
12266,1
12267,1
12268,1
12269,0
12270,0
12271,0
12272,1
12273,0
12274,1
12275,0
12276,0
12277,0
12278,0
12279,0
12280,0
12281,0
12282,0
12283,1
12284,0
12285,0
12286,1
12287,1
12288,0
12289,1
12290,0
12291,0
12292,0
12293,0
12294,0
12295,0
12296,1
12297,0
12298,1
12299,0
12300,1
12301,0
12302,1
12303,1
12304,1
12305,0
12306,0
12307,0
12308,1
12309,0
12310,1
12311,1
12312,1
12313,0
12314,0
12315,1
12316,0
12317,0
12318,1
12319,0
12320,0
12321,0
12322,1
12323,0
12324,0
12325,1
12326,0
12327,1
12328,0
12329,1
12330,0
12331,1
12332,0
12333,1
12334,1
12335,1
12336,0
12337,0
12338,1
12339,0
12340,1
12341,1
12342,1
12343,0
12344,1
12345,0
12346,0
12347,0
12348,0
12349,1
12350,0
12351,1
12352,0
12353,0
12354,0
12355,0
12356,0
12357,0
12358,0
12359,1
12360,0
12361,0
12362,0
12363,1
12364,0
12365,0
12366,1
12367,0
12368,0
12369,0
12370,1
12371,0
12372,0
12373,0
12374,1
12375,1
12376,0
12377,0
12378,1
12379,1
12380,0
12381,0
12382,0
12383,1
12384,0
12385,1
12386,0
12387,0
12388,1
12389,0
12390,1
12391,0
12392,0
12393,0
12394,0
12395,0
12396,0
12397,0
12398,0
12399,0
12400,1
12401,0
12402,1
12403,0
12404,0
12405,0
12406,1
12407,1
12408,0
12409,0
12410,0
12411,1
12412,0
12413,0
12414,0
12415,0
12416,0
12417,0
12418,1
12419,1
12420,0
12421,0
12422,0
12423,0
12424,0
12425,0
12426,0
12427,1
12428,0
12429,0
12430,0
12431,1
12432,0
12433,0
12434,1
12435,0
12436,0
12437,1
12438,0
12439,0
12440,1
12441,1
12442,0
12443,1
12444,1
12445,0
12446,0
12447,0
12448,0
12449,1
12450,1
12451,0
12452,0
12453,0
12454,1
12455,0
12456,0
12457,0
12458,1
12459,1
12460,1
12461,1
12462,0
12463,1
12464,1
12465,0
12466,0
12467,0
12468,1
12469,0
12470,1
12471,1
12472,0
12473,0
12474,1
12475,1
12476,1
12477,0
12478,0
12479,1
12480,0
12481,0
12482,1
12483,1
12484,1
12485,0
12486,0
12487,0
12488,1
12489,0
12490,1
12491,0
12492,0
12493,0
12494,0
12495,0
12496,1
12497,1
12498,1
12499,0
12500,1
12501,1
12502,0
12503,0
12504,1
12505,0
12506,1
12507,0
12508,1
12509,0
12510,0
12511,1
12512,0
12513,0
12514,0
12515,1
12516,0
12517,0
12518,0
12519,0
12520,0
12521,0
12522,0
12523,0
12524,1
12525,0
12526,1
12527,1
12528,0
12529,1
12530,1
12531,1
12532,0
12533,1
12534,1
12535,1
12536,0
12537,1
12538,1
12539,0
12540,0
12541,0
12542,0
12543,1
12544,0
12545,1
12546,0
12547,1
12548,1
12549,1
12550,0
12551,1
12552,0
12553,0
12554,0
12555,1
12556,0
12557,1
12558,0
12559,0
12560,1
12561,0
12562,1
12563,1
12564,0
12565,1
12566,0
12567,1
12568,1
12569,1
12570,1
12571,0
12572,0
12573,1
12574,1
12575,1
12576,1
12577,0
12578,1
12579,0
12580,1
12581,0
12582,0
12583,0
12584,0
12585,0
12586,1
12587,1
12588,1
12589,0
12590,1
12591,0
12592,0
12593,0
12594,1
12595,1
12596,0
12597,0
12598,0
12599,0
12600,0
12601,0
12602,1
12603,0
12604,0
12605,0
12606,0
12607,0
12608,1
12609,1
12610,1
12611,0
12612,0
12613,0
12614,0
12615,0
12616,0
12617,1
12618,0
12619,1
12620,0
12621,0
12622,0
12623,0
12624,1
12625,1
12626,0
12627,1
12628,0
12629,1
12630,0
12631,0
12632,1
12633,0
12634,0
12635,1
12636,1
12637,0
12638,0
12639,1
12640,0
12641,0
12642,1
12643,0
12644,0
12645,0
12646,1
12647,1
12648,1
12649,0
12650,1
12651,0
12652,0
12653,1
12654,1
12655,0
12656,0
12657,0
12658,0
12659,0
12660,0
12661,0
12662,1
12663,0
12664,1
12665,0
12666,1
12667,0
12668,0
12669,0
12670,0
12671,0
12672,1
12673,0
12674,0
12675,1
12676,0
12677,0
12678,0
12679,0
12680,0
12681,1
12682,0
12683,0
12684,1
12685,1
12686,0
12687,0
12688,1
12689,0
12690,1
12691,0
12692,0
12693,0
12694,0
12695,1
12696,1
12697,1
12698,0
12699,0
12700,1
12701,1
12702,0
12703,1
12704,1
12705,0
12706,1
12707,1
12708,0
12709,0
12710,0
12711,0
12712,0
12713,0
12714,0
12715,0
12716,1
12717,1
12718,0
12719,0
12720,0
12721,1
12722,0
12723,0
12724,1
12725,0
12726,0
12727,0
12728,0
12729,0
12730,1
12731,0
12732,1
12733,0
12734,0
12735,1
12736,1
12737,0
12738,0
12739,1
12740,0
12741,0
12742,1
12743,1
12744,0
12745,0
12746,0
12747,0
12748,0
12749,0
12750,1
12751,0
12752,0
12753,0
12754,1
12755,0
12756,0
12757,1
12758,0
12759,0
12760,1
12761,1
12762,1
12763,0
12764,0
12765,0
12766,0
12767,1
12768,1
12769,0
12770,0
12771,0
12772,0
12773,0
12774,1
12775,0
12776,0
12777,0
12778,0
12779,0
12780,0
12781,0
12782,1
12783,0
12784,1
12785,0
12786,1
12787,0
12788,0
12789,0
12790,1
12791,1
12792,0
12793,1
12794,0
12795,1
12796,1
12797,0
12798,1
12799,0
12800,0
12801,0
12802,1
12803,0
12804,0
12805,1
12806,1
12807,0
12808,1
12809,0
12810,1
12811,0
12812,1
12813,0
12814,0
12815,1
12816,1
12817,0
12818,0
12819,1
12820,1
12821,1
12822,0
12823,1
12824,0
12825,1
12826,1
12827,0
12828,1
12829,0
12830,1
12831,0
12832,0
12833,1
12834,1
12835,1
12836,0
12837,1
12838,0
12839,0
12840,1
12841,1
12842,0
12843,0
12844,1
12845,0
12846,0
12847,1
12848,0
12849,0
12850,1
12851,1
12852,1
12853,1
12854,0
12855,0
12856,0
12857,0
12858,1
12859,1
12860,0
12861,0
12862,0
12863,0
12864,1
12865,1
12866,1
12867,0
12868,1
12869,1
12870,0
12871,0
12872,1
12873,0
12874,0
12875,1
12876,0
12877,0
12878,0
12879,0
12880,0
12881,1
12882,0
12883,0
12884,0
12885,1
12886,0
12887,0
12888,0
12889,1
12890,0
12891,0
12892,0
12893,0
12894,0
12895,1
12896,1
12897,0
12898,1
12899,1
12900,1
12901,0
12902,0
12903,0
12904,0
12905,0
12906,1
12907,1
12908,1
12909,0
12910,0
12911,0
12912,0
12913,1
12914,0
12915,0
12916,0
12917,0
12918,0
12919,0
12920,0
12921,1
12922,0
12923,0
12924,0
12925,0
12926,0
12927,0
12928,1
12929,1
12930,0
12931,0
12932,0
12933,1
12934,0
12935,0
12936,0
12937,0
12938,0
12939,1
12940,1
12941,0
12942,1
12943,0
12944,0
12945,1
12946,1
12947,0
12948,1
12949,0
12950,1
12951,1
12952,0
12953,0
12954,0
12955,1
12956,0
12957,1
12958,1
12959,0
12960,1
12961,1
12962,1
12963,1
12964,0
12965,1
12966,1
12967,0
12968,0
12969,0
12970,1
12971,0
12972,1
12973,0
12974,1
12975,1
12976,1
12977,1
12978,1
12979,0
12980,1
12981,0
12982,1
12983,1
12984,0
12985,1
12986,0
12987,0
12988,0
12989,0
12990,1
12991,0
12992,1
12993,0
12994,0
12995,0
12996,1
12997,1
12998,0
12999,1
13000,1
13001,0
13002,0
13003,0
13004,0
13005,1
13006,0
13007,1
13008,0
13009,0
13010,0
13011,0
13012,1
13013,1
13014,0
13015,1
13016,0
13017,0
13018,0
13019,0
13020,0
13021,0
13022,0
13023,1
13024,0
13025,0
13026,0
13027,0
13028,0
13029,0
13030,0
13031,0
13032,0
13033,0
13034,0
13035,1
13036,0
13037,1
13038,0
13039,1
13040,0
13041,0
13042,1
13043,0
13044,0
13045,0
13046,0
13047,0
13048,0
13049,1
13050,0
13051,0
13052,0
13053,0
13054,0
13055,1
13056,0
13057,0
13058,1
13059,0
13060,0
13061,0
13062,0
13063,1
13064,0
13065,1
13066,0
13067,0
13068,0
13069,1
13070,0
13071,0
13072,0
13073,0
13074,1
13075,0
13076,0
13077,1
13078,0
13079,0
13080,1
13081,1
13082,0
13083,1
13084,0
13085,1
13086,1
13087,1
13088,1
13089,0
13090,0
13091,0
13092,0
13093,1
13094,1
13095,1
13096,0
13097,0
13098,0
13099,1
13100,1
13101,0
13102,1
13103,0
13104,1
13105,0
13106,1
13107,0
13108,0
13109,0
13110,0
13111,0
13112,0
13113,1
13114,0
13115,1
13116,0
13117,0
13118,0
13119,0
13120,0
13121,0
13122,0
13123,0
13124,1
13125,0
13126,0
13127,0
13128,1
13129,0
13130,0
13131,0
13132,0
13133,0
13134,1
13135,0
13136,1
13137,1
13138,0
13139,0
13140,1
13141,0
13142,0
13143,1
13144,0
13145,0
13146,0
13147,0
13148,1
13149,1
13150,0
13151,1
13152,0
13153,1
13154,1
13155,0
13156,1
13157,1
13158,0
13159,0
13160,0
13161,0
13162,0
13163,1
13164,1
13165,0
13166,1
13167,0
13168,1
13169,0
13170,0
13171,1
13172,0
13173,0
13174,1
13175,1
13176,1
13177,1
13178,1
13179,0
13180,1
13181,1
13182,0
13183,0
13184,1
13185,0
13186,0
13187,0
13188,0
13189,0
13190,1
13191,1
13192,0
13193,1
13194,0
13195,0
13196,0
13197,1
13198,0
13199,0
13200,0
13201,0
13202,0
13203,1
13204,0
13205,0
13206,0
13207,1
13208,0
13209,1
13210,1
13211,0
13212,0
13213,1
13214,0
13215,0
13216,0
13217,0
13218,0
13219,0
13220,0
13221,0
13222,0
13223,1
13224,1
13225,0
13226,0
13227,0
13228,1
13229,0
13230,0
13231,0
13232,1
13233,0
13234,0
13235,1
13236,0
13237,1
13238,1
13239,0
13240,1
13241,0
13242,1
13243,0
13244,1
13245,1
13246,1
13247,0
13248,0
13249,0
13250,0
13251,1
13252,1
13253,0
13254,1
13255,0
13256,1
13257,0
13258,1
13259,0
13260,0
13261,1
13262,0
13263,1
13264,1
13265,0
13266,1
13267,1
13268,0
13269,1
13270,1
13271,0
13272,1
13273,0
13274,0
13275,0
13276,1
13277,1
13278,0
13279,0
13280,1
13281,0
13282,0
13283,1
13284,1
13285,1
13286,0
13287,0
13288,1
13289,1
13290,0
13291,0
13292,0
13293,0
13294,1
13295,0
13296,0
13297,0
13298,0
13299,1
13300,0
13301,0
13302,1
13303,0
13304,0
13305,1
13306,1
13307,1
13308,1
13309,0
13310,1
13311,1
13312,1
13313,0
13314,1
13315,0
13316,0
13317,1
13318,0
13319,0
13320,1
13321,0
13322,0
13323,0
13324,1
13325,0
13326,0
13327,1
13328,1
13329,0
13330,0
13331,0
13332,0
13333,0
13334,0
13335,0
13336,1
13337,0
13338,0
13339,1
13340,1
13341,0
13342,0
13343,1
13344,0
13345,0
13346,0
13347,0
13348,1
13349,0
13350,0
13351,1
13352,0
13353,1
13354,0
13355,0
13356,1
13357,1
13358,0
13359,1
13360,0
13361,0
13362,1
13363,0
13364,1
13365,1
13366,0
13367,0
13368,1
13369,1
13370,0
13371,1
13372,0
13373,0
13374,1
13375,0
13376,1
13377,0
13378,1
13379,1
13380,0
13381,0
13382,1
13383,0
13384,0
13385,0
13386,0
13387,1
13388,0
13389,1
13390,0
13391,0
13392,0
13393,1
13394,1
13395,0
13396,1
13397,0
13398,0
13399,0
13400,1
13401,0
13402,0
13403,0
13404,0
13405,0
13406,0
13407,0
13408,0
13409,1
13410,1
13411,0
13412,1
13413,1
13414,1
13415,1
13416,0
13417,0
13418,0
13419,0
13420,0
13421,0
13422,0
13423,0
13424,0
13425,1
13426,1
13427,1
13428,0
13429,1
13430,1
13431,1
13432,0
13433,0
13434,1
13435,0
13436,0
13437,0
13438,1
13439,0
13440,1
13441,0
13442,0
13443,1
13444,1
13445,0
13446,1
13447,1
13448,1
13449,1
13450,0
13451,1
13452,0
13453,0
13454,1
13455,1
13456,0
13457,1
13458,0
13459,0
13460,0
13461,1
13462,1
13463,0
13464,0
13465,0
13466,0
13467,0
13468,0
13469,1
13470,0
13471,1
13472,0
13473,0
13474,0
13475,0
13476,0
13477,0
13478,0
13479,0
13480,1
13481,0
13482,0
13483,1
13484,0
13485,1
13486,0
13487,0
13488,0
13489,0
13490,1
13491,0
13492,1
13493,0
13494,0
13495,1
13496,0
13497,0
13498,1
13499,1
13500,0
13501,0
13502,1
13503,0
13504,0
13505,0
13506,1
13507,0
13508,0
13509,0
13510,0
13511,0
13512,0
13513,0
13514,1
13515,0
13516,1
13517,0
13518,1
13519,0
13520,1
13521,1
13522,0
13523,1
13524,0
13525,0
13526,1
13527,1
13528,0
13529,0
13530,1
13531,0
13532,1
13533,1
13534,0
13535,0
13536,1
13537,0
13538,1
13539,0
13540,0
13541,0
13542,0
13543,0
13544,1
13545,1
13546,0
13547,1
13548,1
13549,1
13550,0
13551,0
13552,0
13553,0
13554,1
13555,1
13556,0
13557,0
13558,0
13559,1
13560,0
13561,0
13562,1
13563,0
13564,1
13565,1
13566,0
13567,0
13568,0
13569,0
13570,0
13571,0
13572,0
13573,1
13574,1
13575,0
13576,1
13577,0
13578,0
13579,1
13580,1
13581,0
13582,0
13583,0
13584,0
13585,0
13586,0
13587,0
13588,0
13589,0
13590,1
13591,0
13592,1
13593,1
13594,0
13595,1
13596,0
13597,0
13598,0
13599,1
13600,0
13601,0
13602,0
13603,1
13604,0
13605,1
13606,0
13607,0
13608,0
13609,0
13610,1
13611,0
13612,1
13613,0
13614,0
13615,1
13616,0
13617,1
13618,0
13619,1
13620,0
13621,0
13622,0
13623,0
13624,0
13625,0
13626,1
13627,0
13628,0
13629,0
13630,0
13631,0
13632,0
13633,1
13634,1
13635,0
13636,0
13637,0
13638,0
13639,0
13640,1
13641,0
13642,1
13643,0
13644,0
13645,1
13646,1
13647,0
13648,0
13649,1
13650,1
13651,0
13652,0
13653,0
13654,0
13655,1
13656,0
13657,0
13658,0
13659,0
13660,1
13661,0
13662,0
13663,0
13664,1
13665,1
13666,0
13667,1
13668,0
13669,1
13670,1
13671,0
13672,0
13673,0
13674,0
13675,0
13676,1
13677,1
13678,0
13679,1
13680,0
13681,0
13682,1
13683,0
13684,1
13685,1
13686,1
13687,1
13688,0
13689,0
13690,0
13691,0
13692,0
13693,1
13694,0
13695,0
13696,1
13697,0
13698,0
13699,0
13700,0
13701,1
13702,0
13703,1
13704,1
13705,0
13706,0
13707,1
13708,0
13709,0
13710,1
13711,0
13712,0
13713,0
13714,1
13715,0
13716,0
13717,0
13718,1
13719,0
13720,1
13721,0
13722,1
13723,0
13724,0
13725,0
13726,0
13727,1
13728,1
13729,0
13730,1
13731,1
13732,1
13733,0
13734,1
13735,0
13736,1
13737,1
13738,0
13739,0
13740,0
13741,0
13742,0
13743,0
13744,0
13745,1
13746,1
13747,1
13748,1
13749,0
13750,1
13751,1
13752,1
13753,0
13754,0
13755,0
13756,1
13757,1
13758,0
13759,0
13760,1
13761,0
13762,1
13763,0
13764,0
13765,1
13766,1
13767,0
13768,0
13769,0
13770,1
13771,1
13772,0
13773,1
13774,1
13775,1
13776,1
13777,0
13778,1
13779,0
13780,0
13781,0
13782,1
13783,0
13784,0
13785,0
13786,0
13787,0
13788,1
13789,1
13790,0
13791,0
13792,1
13793,1
13794,0
13795,0
13796,1
13797,0
13798,0
13799,0
13800,0
13801,0
13802,0
13803,0
13804,1
13805,0
13806,1
13807,0
13808,1
13809,0
13810,0
13811,1
13812,1
13813,0
13814,0
13815,1
13816,1
13817,0
13818,1
13819,0
13820,0
13821,0
13822,1
13823,1
13824,0
13825,1
13826,1
13827,0
13828,0
13829,0
13830,0
13831,1
13832,1
13833,0
13834,0
13835,1
13836,0
13837,1
13838,1
13839,1
13840,0
13841,0
13842,1
13843,0
13844,1
13845,1
13846,1
13847,0
13848,0
13849,0
13850,0
13851,1
13852,0
13853,0
13854,1
13855,1
13856,0
13857,0
13858,0
13859,0
13860,1
13861,0
13862,0
13863,0
13864,1
13865,0
13866,0
13867,1
13868,0
13869,0
13870,0
13871,0
13872,0
13873,0
13874,0
13875,0
13876,1
13877,0
13878,0
13879,1
13880,0
13881,0
13882,0
13883,0
13884,0
13885,0
13886,0
13887,1
13888,0
13889,0
13890,0
13891,0
13892,1
13893,1
13894,0
13895,1
13896,0
13897,1
13898,1
13899,0
13900,0
13901,0
13902,1
13903,0
13904,0
13905,0
13906,1
13907,1
13908,0
13909,1
13910,0
13911,0
13912,0
13913,1
13914,0
13915,1
13916,0
13917,0
13918,0
13919,1
13920,1
13921,0
13922,1
13923,0
13924,1
13925,1
13926,0
13927,0
13928,1
13929,1
13930,0
13931,1
13932,1
13933,0
13934,0
13935,1
13936,0
13937,1
13938,0
13939,1
13940,0
13941,0
13942,0
13943,0
13944,0
13945,0
13946,0
13947,0
13948,0
13949,0
13950,0
13951,0
13952,0
13953,1
13954,0
13955,0
13956,0
13957,0
13958,1
13959,0
13960,1
13961,1
13962,0
13963,1
13964,1
13965,0
13966,0
13967,1
13968,1
13969,0
13970,0
13971,0
13972,1
13973,1
13974,1
13975,1
13976,0
13977,0
13978,0
13979,1
13980,0
13981,0
13982,1
13983,0
13984,0
13985,0
13986,0
13987,0
13988,0
13989,1
13990,0
13991,0
13992,1
13993,1
13994,1
13995,0
13996,0
13997,1
13998,1
13999,0
14000,0
14001,1
14002,0
14003,0
14004,0
14005,0
14006,0
14007,1
14008,0
14009,1
14010,1
14011,0
14012,0
14013,0
14014,1
14015,0
14016,0
14017,1
14018,1
14019,0
14020,1
14021,1
14022,1
14023,0
14024,0
14025,0
14026,0
14027,1
14028,0
14029,0
14030,1
14031,1
14032,0
14033,0
14034,0
14035,1
14036,0
14037,1
14038,1
14039,0
14040,1
14041,0
14042,1
14043,1
14044,0
14045,0
14046,1
14047,0
14048,1
14049,0
14050,0
14051,1
14052,0
14053,0
14054,0
14055,0
14056,0
14057,0
14058,1
14059,0
14060,1
14061,1
14062,0
14063,1
14064,1
14065,1
14066,0
14067,0
14068,0
14069,0
14070,0
14071,0
14072,0
14073,0
14074,0
14075,0
14076,1
14077,0
14078,0
14079,1
14080,1
14081,0
14082,1
14083,1
14084,1
14085,1
14086,0
14087,0
14088,1
14089,0
14090,1
14091,0
14092,0
14093,1
14094,1
14095,1
14096,0
14097,0
14098,1
14099,1
14100,1
14101,1
14102,1
14103,0
14104,0
14105,0
14106,0
14107,0
14108,1
14109,0
14110,0
14111,1
14112,0
14113,0
14114,1
14115,0
14116,0
14117,1
14118,0
14119,1
14120,1
14121,0
14122,1
14123,0
14124,1
14125,0
14126,0
14127,0
14128,0
14129,0
14130,1
14131,0
14132,1
14133,0
14134,1
14135,0
14136,0
14137,1
14138,1
14139,1
14140,0
14141,1
14142,0
14143,0
14144,1
14145,1
14146,1
14147,0
14148,1
14149,1
14150,0
14151,0
14152,1
14153,0
14154,0
14155,0
14156,1
14157,1
14158,0
14159,0
14160,1
14161,0
14162,0
14163,0
14164,1
14165,0
14166,1
14167,0
14168,1
14169,0
14170,0
14171,0
14172,0
14173,0
14174,0
14175,0
14176,1
14177,1
14178,0
14179,0
14180,0
14181,0
14182,1
14183,1
14184,0
14185,1
14186,1
14187,0
14188,1
14189,0
14190,0
14191,1
14192,0
14193,0
14194,1
14195,0
14196,0
14197,1
14198,1
14199,0
14200,1
14201,0
14202,0
14203,1
14204,1
14205,0
14206,0
14207,1
14208,1
14209,0
14210,1
14211,0
14212,0
14213,1
14214,0
14215,0
14216,0
14217,0
14218,0
14219,1
14220,0
14221,0
14222,1
14223,1
14224,1
14225,1
14226,0
14227,0
14228,1
14229,0
14230,0
14231,0
14232,0
14233,0
14234,0
14235,0
14236,0
14237,0
14238,0
14239,0
14240,0
14241,1
14242,0
14243,1
14244,1
14245,0
14246,0
14247,0
14248,0
14249,0
14250,0
14251,0
14252,0
14253,0
14254,1
14255,1
14256,1
14257,1
14258,1
14259,0
14260,1
14261,0
14262,1
14263,0
14264,1
14265,0
14266,0
14267,0
14268,0
14269,1
14270,0
14271,0
14272,0
14273,0
14274,0
14275,0
14276,1
14277,0
14278,0
14279,0
14280,0
14281,1
14282,0
14283,1
14284,1
14285,0
14286,0
14287,1
14288,0
14289,0
14290,1
14291,0
14292,1
14293,0
14294,0
14295,0
14296,0
14297,1
14298,0
14299,0
14300,0
14301,1
14302,0
14303,1
14304,0
14305,1
14306,0
14307,1
14308,0
14309,1
14310,1
14311,0
14312,1
14313,0
14314,0
14315,0
14316,0
14317,1
14318,1
14319,0
14320,1
14321,0
14322,0
14323,0
14324,1
14325,0
14326,1
14327,1
14328,1
14329,0
14330,0
14331,0
14332,0
14333,0
14334,0
14335,0
14336,0
14337,0
14338,1
14339,0
14340,0
14341,1
14342,0
14343,0
14344,1
14345,1
14346,0
14347,0
14348,1
14349,1
14350,0
14351,0
14352,0
14353,1
14354,1
14355,1
14356,1
14357,0
14358,1
14359,0
14360,1
14361,1
14362,0
14363,1
14364,0
14365,0
14366,1
14367,0
14368,0
14369,0
14370,1
14371,0
14372,0
14373,0
14374,0
14375,1
14376,1
14377,0
14378,0
14379,1
14380,0
14381,0
14382,1
14383,0
14384,1
14385,1
14386,1
14387,1
14388,1
14389,1
14390,0
14391,0
14392,1
14393,0
14394,0
14395,0
14396,0
14397,0
14398,0
14399,0
14400,1
14401,0
14402,1
14403,0
14404,0
14405,0
14406,0
14407,0
14408,0
14409,0
14410,1
14411,1
14412,0
14413,0
14414,0
14415,0
14416,1
14417,1
14418,1
14419,1
14420,1
14421,0
14422,0
14423,1
14424,0
14425,0
14426,0
14427,0
14428,1
14429,0
14430,0
14431,0
14432,0
14433,0
14434,0
14435,0
14436,0
14437,1
14438,1
14439,0
14440,0
14441,0
14442,1
14443,1
14444,1
14445,0
14446,1
14447,0
14448,0
14449,0
14450,1
14451,0
14452,0
14453,1
14454,0
14455,0
14456,1
14457,0
14458,0
14459,1
14460,0
14461,0
14462,0
14463,0
14464,0
14465,0
14466,0
14467,1
14468,1
14469,0
14470,0
14471,0
14472,0
14473,1
14474,1
14475,1
14476,0
14477,0
14478,1
14479,0
14480,0
14481,1
14482,1
14483,0
14484,1
14485,1
14486,1
14487,0
14488,0
14489,1
14490,1
14491,0
14492,0
14493,0
14494,0
14495,1
14496,0
14497,0
14498,0
14499,0
14500,0
14501,1
14502,0
14503,1
14504,0
14505,1
14506,0
14507,0
14508,1
14509,0
14510,0
14511,0
14512,0
14513,0
14514,0
14515,1
14516,1
14517,0
14518,0
14519,0
14520,0
14521,0
14522,0
14523,0
14524,0
14525,0
14526,0
14527,0
14528,0
14529,0
14530,0
14531,1
14532,0
14533,0
14534,1
14535,1
14536,0
14537,1
14538,0
14539,0
14540,0
14541,0
14542,0
14543,1
14544,0
14545,0
14546,1
14547,1
14548,0
14549,1
14550,0
14551,1
14552,0
14553,0
14554,0
14555,0
14556,1
14557,1
14558,1
14559,0
14560,1
14561,0
14562,0
14563,0
14564,0
14565,0
14566,0
14567,0
14568,0
14569,1
14570,1
14571,1
14572,0
14573,0
14574,0
14575,1
14576,0
14577,0
14578,0
14579,0
14580,0
14581,1
14582,1
14583,1
14584,1
14585,1
14586,1
14587,1
14588,1
14589,0
14590,0
14591,1
14592,0
14593,0
14594,0
14595,0
14596,0
14597,0
14598,1
14599,0
14600,1
14601,1
14602,0
14603,0
14604,0
14605,0
14606,0
14607,1
14608,1
14609,1
14610,0
14611,0
14612,0
14613,0
14614,0
14615,0
14616,0
14617,1
14618,0
14619,0
14620,0
14621,0
14622,1
14623,1
14624,0
14625,0
14626,1
14627,1
14628,0
14629,0
14630,0
14631,1
14632,1
14633,1
14634,0
14635,0
14636,0
14637,1
14638,0
14639,0
14640,0
14641,0
14642,0
14643,1
14644,0
14645,0
14646,1
14647,0
14648,0
14649,1
14650,0
14651,1
14652,0
14653,1
14654,0
14655,1
14656,1
14657,0
14658,0
14659,0
14660,0
14661,0
14662,0
14663,0
14664,0
14665,0
14666,1
14667,1
14668,1
14669,1
14670,0
14671,0
14672,0
14673,0
14674,0
14675,0
14676,0
14677,0
14678,0
14679,1
14680,0
14681,1
14682,0
14683,0
14684,1
14685,1
14686,0
14687,0
14688,0
14689,0
14690,1
14691,0
14692,0
14693,1
14694,1
14695,0
14696,0
14697,1
14698,0
14699,1
14700,1
14701,0
14702,0
14703,0
14704,0
14705,1
14706,1
14707,1
14708,1
14709,1
14710,0
14711,0
14712,0
14713,0
14714,1
14715,1
14716,0
14717,0
14718,1
14719,0
14720,1
14721,1
14722,0
14723,0
14724,1
14725,1
14726,0
14727,0
14728,0
14729,0
14730,1
14731,0
14732,0
14733,0
14734,1
14735,1
14736,1
14737,1
14738,0
14739,0
14740,0
14741,0
14742,0
14743,0
14744,0
14745,1
14746,1
14747,1
14748,0
14749,0
14750,0
14751,0
14752,1
14753,1
14754,1
14755,1
14756,1
14757,1
14758,1
14759,0
14760,0
14761,0
14762,1
14763,0
14764,0
14765,0
14766,1
14767,1
14768,0
14769,1
14770,1
14771,0
14772,1
14773,0
14774,0
14775,0
14776,0
14777,0
14778,0
14779,0
14780,0
14781,1
14782,0
14783,1
14784,0
14785,0
14786,0
14787,0
14788,0
14789,0
14790,1
14791,1
14792,1
14793,0
14794,1
14795,0
14796,1
14797,1
14798,1
14799,0
14800,0
14801,0
14802,0
14803,0
14804,0
14805,0
14806,1
14807,0
14808,0
14809,0
14810,1
14811,1
14812,0
14813,1
14814,0
14815,1
14816,0
14817,0
14818,1
14819,0
14820,1
14821,0
14822,0
14823,0
14824,1
14825,0
14826,1
14827,1
14828,0
14829,0
14830,1
14831,0
14832,1
14833,0
14834,1
14835,0
14836,0
14837,0
14838,0
14839,1
14840,0
14841,0
14842,1
14843,0
14844,1
14845,1
14846,0
14847,0
14848,0
14849,0
14850,1
14851,1
14852,0
14853,0
14854,1
14855,1
14856,0
14857,1
14858,1
14859,1
14860,1
14861,1
14862,1
14863,0
14864,1
14865,1
14866,0
14867,0
14868,0
14869,0
14870,0
14871,1
14872,0
14873,1
14874,1
14875,0
14876,1
14877,1
14878,0
14879,0
14880,1
14881,0
14882,0
14883,0
14884,0
14885,1
14886,0
14887,1
14888,1
14889,1
14890,1
14891,1
14892,0
14893,1
14894,0
14895,0
14896,1
14897,1
14898,0
14899,0
14900,1
14901,1
14902,0
14903,1
14904,0
14905,1
14906,0
14907,0
14908,0
14909,0
14910,0
14911,0
14912,1
14913,1
14914,0
14915,1
14916,0
14917,0
14918,1
14919,0
14920,1
14921,1
14922,0
14923,1
14924,1
14925,0
14926,1
14927,1
14928,1
14929,0
14930,0
14931,0
14932,1
14933,0
14934,1
14935,0
14936,0
14937,0
14938,0
14939,0
14940,0
14941,0
14942,0
14943,0
14944,0
14945,0
14946,1
14947,0
14948,0
14949,1
14950,1
14951,1
14952,0
14953,1
14954,0
14955,1
14956,1
14957,1
14958,0
14959,1
14960,0
14961,1
14962,0
14963,0
14964,0
14965,0
14966,0
14967,0
14968,0
14969,1
14970,0
14971,0
14972,1
14973,0
14974,0
14975,1
14976,1
14977,0
14978,0
14979,0
14980,0
14981,1
14982,0
14983,1
14984,1
14985,0
14986,1
14987,1
14988,0
14989,1
14990,0
14991,1
14992,1
14993,0
14994,1
14995,0
14996,0
14997,0
14998,0
14999,1
15000,0
15001,0
15002,1
15003,0
15004,0
15005,0
15006,0
15007,1
15008,0
15009,1
15010,1
15011,0
15012,0
15013,0
15014,0
15015,1
15016,0
15017,1
15018,1
15019,0
15020,0
15021,0
15022,0
15023,0
15024,0
15025,0
15026,0
15027,1
15028,0
15029,0
15030,0
15031,0
15032,1
15033,0
15034,1
15035,0
15036,0
15037,1
15038,1
15039,1
15040,0
15041,0
15042,0
15043,0
15044,1
15045,1
15046,1
15047,0
15048,0
15049,1
15050,0
15051,0
15052,0
15053,0
15054,0
15055,0
15056,0
15057,0
15058,1
15059,0
15060,0
15061,1
15062,0
15063,0
15064,0
15065,1
15066,1
15067,0
15068,0
15069,1
15070,0
15071,0
15072,0
15073,0
15074,1
15075,0
15076,1
15077,1
15078,1
15079,0
15080,1
15081,0
15082,0
15083,0
15084,1
15085,0
15086,0
15087,0
15088,0
15089,1
15090,0
15091,0
15092,0
15093,0
15094,1
15095,1
15096,1
15097,1
15098,1
15099,0
15100,1
15101,1
15102,0
15103,0
15104,1
